package,license_url,spdx
github.com/cloudflare/cloudflared,https://github.com/cloudflare/cloudflared/blob/b4f47e2ab538ab6e31d3dc6adc5489455ad446de/LICENSE,Apache-2.0
github.com/BurntSushi/toml,https://github.com/cloudflare/cloudflared/blob/b4f47e2ab538ab6e31d3dc6adc5489455ad446de/vendor/github.com/BurntSushi/toml/COPYING,MIT
github.com/beorn7/perks/quantile,https://github.com/cloudflare/cloudflared/blob/b4f47e2ab538ab6e31d3dc6adc5489455ad446de/vendor/github.com/beorn7/perks/LICENSE,MIT
github.com/cespare/xxhash/v2,https://github.com/cloudflare/cloudflared/blob/b4f47e2ab538ab6e31d3dc6adc5489455ad446de/vendor/github.com/cespare/xxhash/v2/LICENSE.txt,MIT
github.com/cloudflare/backoff,https://github.com/cloudflare/cloudflared/blob/b4f47e2ab538ab6e31d3dc6adc5489455ad446de/vendor/github.com/cloudflare/backoff/LICENSE,BSD-2-Clause
github.com/coreos/go-oidc/v3/oidc,https://github.com/cloudflare/cloudflared/blob/b4f47e2ab538ab6e31d3dc6adc5489455ad446de/vendor/github.com/coreos/go-oidc/v3/LICENSE,Apache-2.0
github.com/coreos/go-systemd/v22/daemon,https://github.com/cloudflare/cloudflared/blob/b4f47e2ab538ab6e31d3dc6adc5489455ad446de/vendor/github.com/coreos/go-systemd/v22/LICENSE,Apache-2.0
github.com/cpuguy83/go-md2man/v2/md2man,https://github.com/cloudflare/cloudflared/blob/b4f47e2ab538ab6e31d3dc6adc5489455ad446de/vendor/github.com/cpuguy83/go-md2man/v2/LICENSE.md,MIT
github.com/facebookgo/grace,https://github.com/facebookarchive/grace/blob/75cf19382434e82df4dd84953f566b8ad23d6e9e/license,MIT
github.com/fsnotify/fsnotify,https://github.com/cloudflare/cloudflared/blob/b4f47e2ab538ab6e31d3dc6adc5489455ad446de/vendor/github.com/fsnotify/fsnotify/LICENSE,BSD-3-Clause
github.com/getsentry/sentry-go,https://github.com/cloudflare/cloudflared/blob/b4f47e2ab538ab6e31d3dc6adc5489455ad446de/vendor/github.com/getsentry/sentry-go/LICENSE,MIT
github.com/go-chi/chi/v5,https://github.com/cloudflare/cloudflared/blob/b4f47e2ab538ab6e31d3dc6adc5489455ad446de/vendor/github.com/go-chi/chi/v5/LICENSE,MIT
github.com/go-chi/cors,https://github.com/cloudflare/cloudflared/blob/b4f47e2ab538ab6e31d3dc6adc5489455ad446de/vendor/github.com/go-chi/cors/LICENSE,MIT
github.com/go-jose/go-jose/v4,https://github.com/cloudflare/cloudflared/blob/b4f47e2ab538ab6e31d3dc6adc5489455ad446de/vendor/github.com/go-jose/go-jose/v4/LICENSE,Apache-2.0
github.com/go-jose/go-jose/v4/json,https://github.com/cloudflare/cloudflared/blob/b4f47e2ab538ab6e31d3dc6adc5489455ad446de/vendor/github.com/go-jose/go-jose/v4/json/LICENSE,BSD-3-Clause
github.com/go-logr/logr,https://github.com/cloudflare/cloudflared/blob/b4f47e2ab538ab6e31d3dc6adc5489455ad446de/vendor/github.com/go-logr/logr/LICENSE,Apache-2.0
github.com/go-logr/stdr,https://github.com/cloudflare/cloudflared/blob/b4f47e2ab538ab6e31d3dc6adc5489455ad446de/vendor/github.com/go-logr/stdr/LICENSE,Apache-2.0
github.com/gobwas/httphead,https://github.com/cloudflare/cloudflared/blob/b4f47e2ab538ab6e31d3dc6adc5489455ad446de/vendor/github.com/gobwas/httphead/LICENSE,MIT
github.com/gobwas/pool,https://github.com/cloudflare/cloudflared/blob/b4f47e2ab538ab6e31d3dc6adc5489455ad446de/vendor/github.com/gobwas/pool/LICENSE,MIT
github.com/gobwas/ws,https://github.com/cloudflare/cloudflared/blob/b4f47e2ab538ab6e31d3dc6adc5489455ad446de/vendor/github.com/gobwas/ws/LICENSE,MIT
github.com/google/gopacket,https://github.com/cloudflare/cloudflared/blob/b4f47e2ab538ab6e31d3dc6adc5489455ad446de/vendor/github.com/google/gopacket/LICENSE,BSD-3-Clause
github.com/google/uuid,https://github.com/cloudflare/cloudflared/blob/b4f47e2ab538ab6e31d3dc6adc5489455ad446de/vendor/github.com/google/uuid/LICENSE,BSD-3-Clause
github.com/gorilla/websocket,https://github.com/cloudflare/cloudflared/blob/b4f47e2ab538ab6e31d3dc6adc5489455ad446de/vendor/github.com/gorilla/websocket/LICENSE,BSD-2-Clause
github.com/grpc-ecosystem/grpc-gateway/v2,https://github.com/cloudflare/cloudflared/blob/b4f47e2ab538ab6e31d3dc6adc5489455ad446de/vendor/github.com/grpc-ecosystem/grpc-gateway/v2/LICENSE,BSD-3-Clause
github.com/json-iterator/go,https://github.com/cloudflare/cloudflared/blob/b4f47e2ab538ab6e31d3dc6adc5489455ad446de/vendor/github.com/json-iterator/go/LICENSE,MIT
github.com/klauspost/compress,https://github.com/cloudflare/cloudflared/blob/b4f47e2ab538ab6e31d3dc6adc5489455ad446de/vendor/github.com/klauspost/compress/LICENSE,BSD-3-Clause AND Apache-2.0 AND MIT
github.com/mattn/go-colorable,https://github.com/cloudflare/cloudflared/blob/b4f47e2ab538ab6e31d3dc6adc5489455ad446de/vendor/github.com/mattn/go-colorable/LICENSE,MIT
github.com/mattn/go-isatty,https://github.com/cloudflare/cloudflared/blob/b4f47e2ab538ab6e31d3dc6adc5489455ad446de/vendor/github.com/mattn/go-isatty/LICENSE,MIT
github.com/mitchellh/go-homedir,https://github.com/cloudflare/cloudflared/blob/b4f47e2ab538ab6e31d3dc6adc5489455ad446de/vendor/github.com/mitchellh/go-homedir/LICENSE,MIT
github.com/modern-go/concurrent,https://github.com/cloudflare/cloudflared/blob/b4f47e2ab538ab6e31d3dc6adc5489455ad446de/vendor/github.com/modern-go/concurrent/LICENSE,Apache-2.0
github.com/modern-go/reflect2,https://github.com/cloudflare/cloudflared/blob/b4f47e2ab538ab6e31d3dc6adc5489455ad446de/vendor/github.com/modern-go/reflect2/LICENSE,Apache-2.0
github.com/munnerz/goautoneg,https://github.com/cloudflare/cloudflared/blob/b4f47e2ab538ab6e31d3dc6adc5489455ad446de/vendor/github.com/munnerz/goautoneg/LICENSE,BSD-3-Clause
github.com/pkg/errors,https://github.com/cloudflare/cloudflared/blob/b4f47e2ab538ab6e31d3dc6adc5489455ad446de/vendor/github.com/pkg/errors/LICENSE,BSD-2-Clause
github.com/prometheus/client_golang/internal/github.com/golang/gddo/httputil,https://github.com/cloudflare/cloudflared/blob/b4f47e2ab538ab6e31d3dc6adc5489455ad446de/vendor/github.com/prometheus/client_golang/internal/github.com/golang/gddo/LICENSE,BSD-3-Clause
github.com/prometheus/client_golang/prometheus,https://github.com/cloudflare/cloudflared/blob/b4f47e2ab538ab6e31d3dc6adc5489455ad446de/vendor/github.com/prometheus/client_golang/LICENSE,Apache-2.0
github.com/prometheus/client_model/go,https://github.com/cloudflare/cloudflared/blob/b4f47e2ab538ab6e31d3dc6adc5489455ad446de/vendor/github.com/prometheus/client_model/LICENSE,Apache-2.0
github.com/prometheus/common,https://github.com/cloudflare/cloudflared/blob/b4f47e2ab538ab6e31d3dc6adc5489455ad446de/vendor/github.com/prometheus/common/LICENSE,Apache-2.0
github.com/prometheus/procfs,https://github.com/cloudflare/cloudflared/blob/b4f47e2ab538ab6e31d3dc6adc5489455ad446de/vendor/github.com/prometheus/procfs/LICENSE,Apache-2.0
github.com/quic-go/quic-go,https://github.com/cloudflare/cloudflared/blob/b4f47e2ab538ab6e31d3dc6adc5489455ad446de/vendor/github.com/quic-go/quic-go/LICENSE,MIT
github.com/chungthuang/quic-go,https://github.com/chungthuang/quic-go/blob/a9fddf436fc41fcff5e5dd9ccee0fe0dcd71b59c/LICENSE,MIT
github.com/rs/zerolog,https://github.com/cloudflare/cloudflared/blob/b4f47e2ab538ab6e31d3dc6adc5489455ad446de/vendor/github.com/rs/zerolog/LICENSE,MIT
github.com/russross/blackfriday/v2,https://github.com/cloudflare/cloudflared/blob/b4f47e2ab538ab6e31d3dc6adc5489455ad446de/vendor/github.com/russross/blackfriday/v2/LICENSE.txt,BSD-2-Clause
github.com/shirou/gopsutil/v4,https://github.com/cloudflare/cloudflared/blob/b4f47e2ab538ab6e31d3dc6adc5489455ad446de/vendor/github.com/shirou/gopsutil/v4/LICENSE,BSD-3-Clause
github.com/tklauser/go-sysconf,https://github.com/cloudflare/cloudflared/blob/b4f47e2ab538ab6e31d3dc6adc5489455ad446de/vendor/github.com/tklauser/go-sysconf/LICENSE,BSD-3-Clause
github.com/tklauser/numcpus,https://github.com/cloudflare/cloudflared/blob/b4f47e2ab538ab6e31d3dc6adc5489455ad446de/vendor/github.com/tklauser/numcpus/LICENSE,Apache-2.0
github.com/urfave/cli/v2,https://github.com/cloudflare/cloudflared/blob/b4f47e2ab538ab6e31d3dc6adc5489455ad446de/vendor/github.com/urfave/cli/v2/LICENSE,MIT
github.com/ipostelnik/cli/v2,https://github.com/ipostelnik/cli/blob/b6ea8234fe3daa46f5f1777d141b30eb091c2469/LICENSE,MIT
go.opentelemetry.io/auto/sdk,https://github.com/cloudflare/cloudflared/blob/b4f47e2ab538ab6e31d3dc6adc5489455ad446de/vendor/go.opentelemetry.io/auto/sdk/LICENSE,Apache-2.0
go.opentelemetry.io/contrib/propagators/jaeger,https://github.com/cloudflare/cloudflared/blob/b4f47e2ab538ab6e31d3dc6adc5489455ad446de/vendor/go.opentelemetry.io/contrib/propagators/LICENSE,Apache-2.0
go.opentelemetry.io/otel,https://github.com/cloudflare/cloudflared/blob/b4f47e2ab538ab6e31d3dc6adc5489455ad446de/vendor/go.opentelemetry.io/otel/LICENSE,Apache-2.0
go.opentelemetry.io/otel/exporters/otlp/otlptrace,https://github.com/cloudflare/cloudflared/blob/b4f47e2ab538ab6e31d3dc6adc5489455ad446de/vendor/go.opentelemetry.io/otel/exporters/otlp/otlptrace/LICENSE,Apache-2.0
go.opentelemetry.io/otel/metric,https://github.com/cloudflare/cloudflared/blob/b4f47e2ab538ab6e31d3dc6adc5489455ad446de/vendor/go.opentelemetry.io/otel/metric/LICENSE,Apache-2.0
go.opentelemetry.io/otel/sdk,https://github.com/cloudflare/cloudflared/blob/b4f47e2ab538ab6e31d3dc6adc5489455ad446de/vendor/go.opentelemetry.io/otel/sdk/LICENSE,Apache-2.0
go.opentelemetry.io/otel/trace,https://github.com/cloudflare/cloudflared/blob/b4f47e2ab538ab6e31d3dc6adc5489455ad446de/vendor/go.opentelemetry.io/otel/trace/LICENSE,Apache-2.0
go.opentelemetry.io/proto/otlp,https://github.com/cloudflare/cloudflared/blob/b4f47e2ab538ab6e31d3dc6adc5489455ad446de/vendor/go.opentelemetry.io/proto/otlp/LICENSE,Apache-2.0
go.uber.org/automaxprocs,https://github.com/cloudflare/cloudflared/blob/b4f47e2ab538ab6e31d3dc6adc5489455ad446de/vendor/go.uber.org/automaxprocs/LICENSE,MIT
golang.org/x/crypto,https://github.com/cloudflare/cloudflared/blob/b4f47e2ab538ab6e31d3dc6adc5489455ad446de/vendor/golang.org/x/crypto/LICENSE,BSD-3-Clause
golang.org/x/net,https://github.com/cloudflare/cloudflared/blob/b4f47e2ab538ab6e31d3dc6adc5489455ad446de/vendor/golang.org/x/net/LICENSE,BSD-3-Clause
golang.org/x/oauth2,https://github.com/cloudflare/cloudflared/blob/b4f47e2ab538ab6e31d3dc6adc5489455ad446de/vendor/golang.org/x/oauth2/LICENSE,BSD-3-Clause
golang.org/x/sync/errgroup,https://github.com/cloudflare/cloudflared/blob/b4f47e2ab538ab6e31d3dc6adc5489455ad446de/vendor/golang.org/x/sync/LICENSE,BSD-3-Clause
golang.org/x/sys,https://github.com/cloudflare/cloudflared/blob/b4f47e2ab538ab6e31d3dc6adc5489455ad446de/vendor/golang.org/x/sys/LICENSE,BSD-3-Clause
golang.org/x/term,https://github.com/cloudflare/cloudflared/blob/b4f47e2ab538ab6e31d3dc6adc5489455ad446de/vendor/golang.org/x/term/LICENSE,BSD-3-Clause
golang.org/x/text,https://github.com/cloudflare/cloudflared/blob/b4f47e2ab538ab6e31d3dc6adc5489455ad446de/vendor/golang.org/x/text/LICENSE,BSD-3-Clause
google.golang.org/genproto/googleapis/api/httpbody,https://github.com/cloudflare/cloudflared/blob/b4f47e2ab538ab6e31d3dc6adc5489455ad446de/vendor/google.golang.org/genproto/googleapis/api/LICENSE,Apache-2.0
google.golang.org/genproto/googleapis/rpc/status,https://github.com/cloudflare/cloudflared/blob/b4f47e2ab538ab6e31d3dc6adc5489455ad446de/vendor/google.golang.org/genproto/googleapis/rpc/LICENSE,Apache-2.0
google.golang.org/grpc,https://github.com/cloudflare/cloudflared/blob/b4f47e2ab538ab6e31d3dc6adc5489455ad446de/vendor/google.golang.org/grpc/LICENSE,Apache-2.0
google.golang.org/protobuf,https://github.com/cloudflare/cloudflared/blob/b4f47e2ab538ab6e31d3dc6adc5489455ad446de/vendor/google.golang.org/protobuf/LICENSE,BSD-3-Clause
gopkg.in/natefinch/lumberjack.v2,https://github.com/cloudflare/cloudflared/blob/b4f47e2ab538ab6e31d3dc6adc5489455ad446de/vendor/gopkg.in/natefinch/lumberjack.v2/LICENSE,MIT
gopkg.in/yaml.v2,https://github.com/cloudflare/cloudflared/blob/b4f47e2ab538ab6e31d3dc6adc5489455ad446de/vendor/gopkg.in/yaml.v2/LICENSE,Apache-2.0 AND MIT
gopkg.in/yaml.v3,https://github.com/cloudflare/cloudflared/blob/b4f47e2ab538ab6e31d3dc6adc5489455ad446de/vendor/gopkg.in/yaml.v3/LICENSE,Apache-2.0 AND MIT
nhooyr.io/websocket,https://github.com/cloudflare/cloudflared/blob/b4f47e2ab538ab6e31d3dc6adc5489455ad446de/vendor/nhooyr.io/websocket/LICENSE.txt,MIT
zombiezen.com/go/capnproto2,https://github.com/cloudflare/cloudflared/blob/b4f47e2ab538ab6e31d3dc6adc5489455ad446de/vendor/zombiezen.com/go/capnproto2/LICENSE,MIT
